{
  "label": "cr_off",
  "finished": true,
  "stopped_early": false,
  "n_done": 80,
  "n_total": 80,
  "tokens_done": 7099,
  "wall_s": 2818.104671239853,
  "req_per_s": 0.028387873884330637,
  "tok_per_s": 2.51906895881079,
  "running_acc": {
    "hellaswag": {
      "n": 20,
      "acc_pct": 40.0,
      "acc_norm_pct": 80.0
    }
  },
  "env": {
    "CACHE_ROUTE": "0"
  },
  "stderr_tail": [
    "[prefill] layer 49/78 \u00b7 103 token",
    "[prefill] layer 53/78 \u00b7 103 token",
    "[prefill] layer 57/78 \u00b7 103 token",
    "[prefill] layer 61/78 \u00b7 103 token",
    "[prefill] layer 65/78 \u00b7 103 token",
    "[prefill] layer 69/78 \u00b7 103 token",
    "[prefill] layer 73/78 \u00b7 103 token",
    "[prefill] layer 77/78 \u00b7 103 token",
    "[prefill] layer 78/78 \u00b7 103 token",
    "[score 80 req | 2793.5s | RSS 94.30 GB | hit 24%]"
  ]
}
